Workbook

Sheet Sheet1

Sheet SUMMARY
D1: PROJECT:
D2: ADDRESS:
D3: DATE
B5: TOTAL BUILDING SF
B6: TOTAL NO. OF FLOORS
B7: TOTAL NO. OF BATHS
B8: TOTAL NO. OF KITCHENS
B9: TOTAL NO. OF UNITS (IF ANY) | C9: N/A
B11: COST PER SF
B13: CSI DIV. | C13: DESCRIPTION | D13: TOTAL TRADE COST | E13: REMARKS
B15: DIV.01 | C15: GENERAL CONDITIONS | D15: ='Detailed Estimate '!K7 -> 3500000
A16: =IF(G16<>"",1+MAX($A$1:A15),"") | B16: DIV.03 | C16: CONCRETE | D16: ='Detailed Estimate '!K11 -> 6648198.5
A17: =IF(G17<>"",1+MAX($A$1:A16),"") | B17: DIV.04 | C17: MASONRY | D17: ='Detailed Estimate '!K185 -> 309372.53
A18: =IF(G18<>"",1+MAX($A$1:A17),"") | B18: DIV.05 | C18: METALS | D18: ='Detailed Estimate '!K193 -> 1780083.6
A19: =IF(G19<>"",1+MAX($A$1:A18),"") | B19: DIV.06 | C19: WOOD, PLASTICS & COMPOSITION | D19: ='Detailed Estimate '!K226 -> 3277136.4
A20: =IF(G20<>"",1+MAX($A$1:A19),"") | B20: DIV.07 | C20: THERMAL AND MOISTURE PROTECTION | D20: ='Detailed Estimate '!K248 -> 1134110.6
A21: =IF(G21<>"",1+MAX($A$1:A20),"") | B21: DIV.08 | C21: OPENINGS | D21: ='Detailed Estimate '!K298 -> 4059816.5
A22: =IF(G22<>"",1+MAX($A$1:A21),"") | B22: DIV.09 | C22: FINISHES | D22: ='Detailed Estimate '!K405 -> 5565120.4
A23: =IF(G23<>"",1+MAX($A$1:A22),"") | B23: DIV.10 | C23: SPECIALTIES | D23: ='Detailed Estimate '!K496 -> 419615
A24: =IF(G24<>"",1+MAX($A$1:A23),"") | B24: DIV.11 | C24: EQUIPMENT | D24: ='Detailed Estimate '!K508 -> 955200
A25: =IF(G25<>"",1+MAX($A$1:A24),"") | B25: DIV.12 | C25: FURNISHINGS | D25: ='Detailed Estimate '!K516 -> 399313.86
A26: =IF(G26<>"",1+MAX($A$1:A25),"") | B26: DIV.21 | C26: FIRE PROTECTION | D26: ='Detailed Estimate '!K522 -> 407892.81
A27: =IF(G27<>"",1+MAX($A$1:A26),"") | B27: DIV.22 | C27: PLUMBING | D27: ='Detailed Estimate '!K552 -> 2302746
A28: =IF(G28<>"",1+MAX($A$1:A27),"") | B28: DIV.23 | C28: MECHANICAL | D28: ='Detailed Estimate '!K617 -> 1544425.8
A29: =IF(G29<>"",1+MAX($A$1:A28),"") | B29: DIV.26 | C29: ELECTRICAL | D29: ='Detailed Estimate '!K682 -> 1883820
A30: =IF(G30<>"",1+MAX($A$1:A29),"") | B30: DIV.31 | C30: EARTHWORK | D30: ='Detailed Estimate '!K743 -> 851461.31
A31: =IF(G31<>"",1+MAX($A$1:A30),"")
C32: SUBTOTAL | D32: =SUM(D15:D30) -> 35038313
C33: OVERHEAD & PROFIT - 25% | D33: =0.25*D32 -> 8759578.3
C34: TOTAL BID | D34: =SUM(D32:D33) -> 43797892
A36: =IF(G49<>"",1+MAX($A$1:A35),"") | C36: EXCLUSIONS
A37: =IF(G50<>"",1+MAX($A$1:A36),"") | C37: ALL ITEMS NOT MENTIONED ABOVE ARE EXCLUDED
A38: =IF(G51<>"",1+MAX($A$1:A37),"")
A39: =IF(G52<>"",1+MAX($A$1:A38),"")
A40: =IF(G53<>"",1+MAX($A$1:A39),"")
A41: =IF(G54<>"",1+MAX($A$1:A40),"")
A42: =IF(G55<>"",1+MAX($A$1:A41),"")
A43: =IF(G56<>"",1+MAX($A$1:A42),"")
A44: =IF(G57<>"",1+MAX($A$1:A43),"")
A45: =IF(G58<>"",1+MAX($A$1:A44),"")
A46: =IF(G59<>"",1+MAX($A$1:A45),"")
A47: =IF(G60<>"",1+MAX($A$1:A46),"")
A48: =IF(G61<>"",1+MAX($A$1:A47),"")
A49: =IF(G62<>"",1+MAX($A$1:A48),"")
... A64: =IF(G77<>"",1+MAX($A$1:A63),"")

Sheet Detailed Estimate 
G1: PROJECT:
G2: ADDRESS:
G3: DATE
A5: SR # | B5: DRAWING# | C5: CSI SECT | D5: DESCRIPTION | E5: QTY. | F5: WASTAGE | G5: QTY WITH WASTAGE | H5: UNIT OF MEASURMENT | I5: UNIT COST | J5: TOTAL ITEM COST | K5: TOTAL TRADE COST
A7: =IF(H7<>"",1+MAX(#REF!),"") | C7: DIV. 01 | D7: GENERAL CONDITIONS | K7: =SUM(J8:J10) -> 3500000
A8: =IF(H8<>"",1+MAX($A$1:A7),"")
A9: =IF(H9<>"",1+MAX($A$1:A8),"") -> 1 | D9: PERMITS, SITE SUPERVISION, FINAL CLEANUP, INSURANCE ETC. | E9: 1 | F9: 0 | G9: =E9*(1+F9) -> 1 | H9: LS | I9: 3500000 | J9: =I9*G9 -> 3500000
A10: =IF(H10<>"",1+MAX($A$1:A9),"")
B11: DIV. 03 | D11: CONCRETE | K11: =SUM(J12:J184) -> 6648198.5
D13: FOOTING
A14: =IF(H14<>"",1+MAX($A$1:A13),"")
A15: =IF(H15<>"",1+MAX($A$1:A14),"") | D15: SQUARE FOOTING
A16: =IF(H16<>"",1+MAX($A$1:A15),"") -> 2 | B16: FO-100, FO-200 | D16: 3F6.5: 6'-6" x 6'-6" x 2'-6"D FOOTING W/5#11 AT BOTTOM EW NO. OF FOOTINGS= 1 | E16: =6.5*6.5*2.5/27 -> 3.912037 | F16: 0.1 | G16: =E16*(1+F16) -> 4.3032407 | H16: CY | I16: 800 | J16: =I16*G16 -> 3442.5926
A17: =IF(H17<>"",1+MAX($A$1:A16),"") -> 3 | D17: 3F12.5: 12'-6" x 12'-6" x 3'-0"D FOOTING W/11#11 AT BOTTOM EW NO. OF FOOTINGS= 8 | E17: =12.5*12.5*3/27*8 -> 138.88889 | F17: 0.1 | G17: =E17*(1+F17) -> 152.77778 | H17: CY | I17: 800 | J17: =I17*G17 -> 122222.22
A18: =IF(H18<>"",1+MAX($A$1:A17),"") -> 4 | D18: 3F14.5: 14'-6" x 14'-6" x 3'-6"D FOOTING W/15#11 AT BOTTOM EW NO. OF FOOTINGS= 5 | E18: =14.5*14.5*3.5/27*5 -> 136.27315 | F18: 0.1 | G18: =E18*(1+F18) -> 149.90046 | H18: CY | I18: 800 | J18: =I18*G18 -> 119920.37
A19: =IF(H19<>"",1+MAX($A$1:A18),"") -> 5 | D19: 3F15.5: 15'-6" x 15'-6" x 4'-0"D FOOTING W/16#11 AT BOTTOM EW NO. OF FOOTINGS= 1 | E19: =15.5*15.5*4/27 -> 35.592593 | F19: 0.1 | G19: =E19*(1+F19) -> 39.151852 | H19: CY | I19: 800 | J19: =I19*G19 -> 31321.481
A20: =IF(H20<>"",1+MAX($A$1:A19),"")
A21: =IF(H21<>"",1+MAX($A$1:A20),"") | D21: RECTANGULAR FOOTING
A22: =IF(H22<>"",1+MAX($A$1:A21),"") -> 6 | B22: FO-100, FO-200 | D22: 3F12x5: 12'-0" x 5'-0" x 2'-6"D FOOTING W/5#11 LONG & 10#9 SHORT BARS NO. OF FOOTINGS= 4 | E22: =12*5*2.5/27*4 -> 22.222222 | F22: 0.1 | G22: =E22*(1+F22) -> 24.444444 | H22: CY | I22: 800 | J22: =I22*G22 -> 19555.556
A23: =IF(H23<>"",1+MAX($A$1:A22),"") -> 7 | D23: 3F14x12: 14'-0" x 12'-0" x 3'-2"D FOOTING W/12#11 LONG & 11#11 SHORT BARS NO. OF FOOTINGS= 1 | E23: =14*12*3.17/27 -> 19.724444 | F23: 0.1 | G23: =E23*(1+F23) -> 21.696889 | H23: CY | I23: 800 | J23: =I23*G23 -> 17357.511
A24: =IF(H24<>"",1+MAX($A$1:A23),"") -> 8 | D24: 3F12.5x22: 12'-6" x 22'-0" x 4'-0"D FOOTING W/22#10 LONG & 18#11 SHORT BARS NO. OF FOOTINGS= 1 | E24: =12.5*22*4/27 -> 40.740741 | F24: 0.1 | G24: =E24*(1+F24) -> 44.814815 | H24: CY | I24: 800 | J24: =I24*G24 -> 35851.852
A25: =IF(H25<>"",1+MAX($A$1:A24),"") -> 9 | D25: 3F16x18: 16'-0" x 18'-0" x 4'-0"D FOOTING W/20#11 LONG & 20#11 SHORT BARS NO. OF FOOTINGS= 1 | E25: =16*18*4/27 -> 42.666667 | F25: 0.1 | G25: =E25*(1+F25) -> 46.933333 | H25: CY | I25: 800 | J25: =I25*G25 -> 37546.667
A26: =IF(H26<>"",1+MAX($A$1:A25),"")
A27: =IF(H27<>"",1+MAX($A$1:A26),"") | D27: MATT
A28: =IF(H28<>"",1+MAX($A$1:A27),"") -> 10 | B28: FO-100, FO-204, FO-205 | D28: 36" MAT FOUNDATION | E28: 205 | F28: 0.1 | G28: =E28*(1+F28) -> 225.5 | H28: CY | I28: 800 | J28: =I28*G28 -> 180400
A29: =IF(H29<>"",1+MAX($A$1:A28),"") -> 11 | D29: 42" MAT FOUNDATION | E29: 492 | F29: 0.1 | G29: =E29*(1+F29) -> 541.2 | H29: CY | I29: 800 | J29: =I29*G29 -> 432960
A30: =IF(H30<>"",1+MAX($A$1:A29),"") -> 12 | D30: 48" MAT FOUNDATION | E30: 677 | F30: 0.1 | G30: =E30*(1+F30) -> 744.7 | H30: CY | I30: 800 | J30: =I30*G30 -> 595760
A31: =IF(H31<>"",1+MAX($A$1:A30),"")
A32: =IF(H32<>"",1+MAX($A$1:A31),"") | D32: SLAB
A33: =IF(H33<>"",1+MAX($A$1:A32),"") -> 13 | B33: FO-100, FO-200, A210 | D33: 5" SLAB ON GRADE W/W.W.F., 2#5 CONTINOUS BARS & 6" GRAVEL BASE | E33: 23951 | F33: 0.1 | G33: =E33*(1+F33) -> 26346.1 | H33: SF | I33: 7.8 | J33: =I33*G33 -> 205499.58
A34: =IF(H34<>"",1+MAX($A$1:A33),"") -> 14 | D34: 8" THK. SLAB W/REINFORCEMENT | E34: =4*485.63 -> 1942.52 | F34: 0.1 | G34: =E34*(1+F34) -> 2136.772 | H34: SF | I34: 7.8 | J34: =I34*G34 -> 16666.822
A35: =IF(H35<>"",1+MAX($A$1:A34),"") -> 15 | D35: 9" THK. SLAB W/REINFORCEMENT | E35: =4*22747.86 -> 90991.44 | F35: 0.1 | G35: =E35*(1+F35) -> 100090.58 | H35: SF | I35: 7.8 | J35: =I35*G35 -> 780706.56
A36: =IF(H36<>"",1+MAX($A$1:A35),"") -> 16 | D36: 10" RAMP SLAB W/#5@10" TOP & BOTTOM EACH WAY | E36: =864+343 -> 1207 | F36: 0.1 | G36: =E36*(1+F36) -> 1327.7 | H36: SF | I36: 7.8 | J36: =I36*G36 -> 10356.06
A37: =IF(H37<>"",1+MAX($A$1:A36),"") -> 17 | D37: 10" THK. SLAB W/#4@10 CONT. BOTTOM REINFORCEMENT | E37: 456 | F37: 0.1 | G37: =E37*(1+F37) -> 501.6 | H37: SF | I37: 7.8 | J37: =I37*G37 -> 3912.48
A38: =IF(H38<>"",1+MAX($A$1:A37),"") -> 18 | D38: 11" CONCRETE SLAB W/#4@10 CONTINOUS BOTTOM EACH WAY | E38: =25994.14+272 -> 26266.14 | F38: 0.1 | G38: =E38*(1+F38) -> 28892.754 | H38: SF | I38: 7.8 | J38: =I38*G38 -> 225363.48
A39: =IF(H39<>"",1+MAX($A$1:A38),"") -> 19 | D39: 12" CONCRETE SLAB W/#5@6" T&B EACH WAY | E39: =223+19271+3024+19950.57 -> 42468.57 | F39: 0.1 | G39: =E39*(1+F39) -> 46715.427 | H39: SF | I39: 7.8 | J39: =I39*G39 -> 364380.33
A40: =IF(H40<>"",1+MAX($A$1:A39),"") -> 20 | D40: 12" CONCRETE PIT SLAB W/#4@12" EACH WAY EACH FACE | E40: 305 | F40: 0.1 | G40: =E40*(1+F40) -> 335.5 | H40: SF | I40: 7.8 | J40: =I40*G40 -> 2616.9
A41: =IF(H41<>"",1+MAX($A$1:A40),"") -> 21 | D41: 14"-16" THK. SLAB W/REINFORCEMENT | E41: 3592 | F41: 0.1 | G41: =E41*(1+F41) -> 3951.2 | H41: SF | I41: 7.8 | J41: =I41*G41 -> 30819.36
A42: =IF(H42<>"",1+MAX($A$1:A41),"") -> 22 | D42: 18" CONCRETE SLAB W/#6@6 TOP & BOTTOM EACH WAY | E42: =22574.56+331 -> 22905.56 | F42: 0.1 | G42: =E42*(1+F42) -> 25196.116 | H42: SF | I42: 7.8 | J42: =I42*G42 -> 196529.7
A43: =IF(H43<>"",1+MAX($A$1:A42),"") -> 23 | D43: 18"x18" CAPITAL | E43: =45*1.5*1.5 -> 101.25 | F43: 0.1 | G43: =E43*(1+F43) -> 111.375 | H43: SF | I43: 7.8 | J43: =I43*G43 -> 868.725
A44: =IF(H44<>"",1+MAX($A$1:A42),"")
A45: =IF(H45<>"",1+MAX($A$1:A44),"") | D45: WALLS
A46: =IF(H46<>"",1+MAX($A$1:A45),"") -> 24 | D46: 0'-8" CONCRETE WALL W/REINFORCEMENT | E46: =120*0.67*26.5/27 -> 78.911111 | F46: 0.1 | G46: =E46*(1+F46) -> 86.802222 | H46: CY | I46: 800 | J46: =I46*G46 -> 69441.778
A47: =IF(H47<>"",1+MAX($A$1:A46),"") -> 25 | B47: FO-100, FO-304 | D47: 0'-10" CONCRETE WALL W/REINFORCEMENT | E47: =397*0.83*10/27 -> 122.04074 | F47: 0.1 | G47: =E47*(1+F47) -> 134.24481 | H47: CY | I47: 800 | J47: =I47*G47 -> 107395.85
A48: =IF(H48<>"",1+MAX($A$1:A47),"") -> 26 | D48: 1'-0" CONCRETE PIT WALL W/#6@6 EW EF EXPOXY COATED BARS | E48: =68.5*1*21/27 -> 53.277778 | F48: 0.1 | G48: =E48*(1+F48) -> 58.605556 | H48: CY | I48: 800 | J48: =I48*G48 -> 46884.444
A49: =IF(H49<>"",1+MAX($A$1:A48),"") -> 27 | D49: 1'-0" CONCRETE WALL W/#6@6 EW EF EXPOXY COATED BARS | E49: =(206*1*15/27)+(207*1*10/27) -> 191.11111 | F49: 0.1 | G49: =E49*(1+F49) -> 210.22222 | H49: CY | I49: 800 | J49: =I49*G49 -> 168177.78
A50: =IF(H50<>"",1+MAX($A$1:A49),"") -> 28 | D50: 1'-4" FOUNDATION WALL W/REINFORCEMENT | E50: =770*1.33*16/27 -> 606.87407 | F50: 0.1 | G50: =E50*(1+F50) -> 667.56148 | H50: CY | I50: 800 | J50: =I50*G50 -> 534049.19
A51: =IF(H51<>"",1+MAX($A$1:A50),"") -> 29 | D51: 1'-4" FOUNDATION WALL UNDER RAMP W/#6@12 EA EF @(2)#11 TOP & BOTTOM | E51: =111*1.33*5.5/27+12.5*1.33*15/27+11*1.33*10/27 -> 44.727407 | F51: 0.1 | G51: =E51*(1+F51) -> 49.200148 | H51: CY | I51: 800 | J51: =I51*G51 -> 39360.119
A52: =IF(H52<>"",1+MAX($A$1:A51),"") -> 30 | D52: 2'-0" FOUNDATION WALL W/REINFORCEMENT | E52: =12*2*15/27 -> 13.333333 | F52: 0.1 | G52: =E52*(1+F52) -> 14.666667 | H52: CY | I52: 800 | J52: =I52*G52 -> 11733.333
A53: =IF(H53<>"",1+MAX($A$1:A52),"")
A54: =IF(H54<>"",1+MAX($A$1:A53),"") | D54: COLUMNS
A55: =IF(H55<>"",1+MAX($A$1:A54),"") -> 31 | B55: FO-100, S010-S070 | D55: 50"x50" COLUMN W/REINFORCEMENT NO. OF COLUMNS@15'-0" HT=1 | E55: =4.17*4.17*15/27*1 -> 9.6605 | F55: 0.1 | G55: =E55*(1+F55) -> 10.62655 | H55: CY | I55: 800 | J55: =I55*G55 -> 8501.24
A56: =IF(H56<>"",1+MAX($A$1:A55),"") -> 32 | D56: 24"x36" COLUMN W/REINFORCEMENT NO. OF COLUMNS@15'-0" HT=14 | E56: =2*3*15/27*14 -> 46.666667 | F56: 0.1 | G56: =E56*(1+F56) -> 51.333333 | H56: CY | I56: 800 | J56: =I56*G56 -> 41066.667
A57: =IF(H57<>"",1+MAX($A$1:A56),"") -> 33 | D57: 46"x28" COLUMN W/REINFORCEMENT NO. OF COLUMNS@15'-0" HT=5 | E57: =3.83*2.33*15/27*5 -> 24.788611 | F57: 0.1 | G57: =E57*(1+F57) -> 27.267472 | H57: CY | I57: 800 | J57: =I57*G57 -> 21813.978
A58: =IF(H58<>"",1+MAX($A$1:A57),"") -> 34 | D58: 32"x26" COLUMN W/REINFORCEMENT NO. OF COLUMNS@15'-0" HT=1 | E58: =2.67*2.17*15/27*1 -> 3.2188333 | F58: 0.1 | G58: =E58*(1+F58) -> 3.5407167 | H58: CY | I58: 800 | J58: =I58*G58 -> 2832.5733
A59: =IF(H59<>"",1+MAX($A$1:A58),"") -> 35 | D59: 28"x24" COLUMN W/REINFORCEMENT NO. OF COLUMNS@15'-0" HT=6 | E59: =2.33*2*15/27*6 -> 15.533333 | F59: 0.1 | G59: =E59*(1+F59) -> 17.086667 | H59: CY | I59: 800 | J59: =I59*G59 -> 13669.333
A60: =IF(H60<>"",1+MAX($A$1:A59),"") -> 36 | D60: 30"x28" COLUMN W/REINFORCEMENT NO. OF COLUMNS@15'-0" HT=4 | E60: =2.5*2.33*15/27*4 -> 12.944444 | F60: 0.1 | G60: =E60*(1+F60) -> 14.238889 | H60: CY | I60: 800 | J60: =I60*G60 -> 11391.111
A61: =IF(H61<>"",1+MAX($A$1:A60),"") -> 37 | D61: 26"x30" COLUMN W/REINFORCEMENT NO. OF COLUMNS@15'-0" HT=1 | E61: =2.17*2.5*15/27*1 -> 3.0138889 | F61: 0.1 | G61: =E61*(1+F61) -> 3.3152778 | H61: CY | I61: 800 | J61: =I61*G61 -> 2652.2222
A62: =IF(H62<>"",1+MAX($A$1:A61),"") -> 38 | D62: 28"x22.5" COLUMN W/REINFORCEMENT NO. OF COLUMNS@15'-0" HT=2 | E62: =2.33*1.87*15/27*2 -> 4.8412222 | F62: 0.1 | G62: =E62*(1+F62) -> 5.3253444 | H62: CY | I62: 800 | J62: =I62*G62 -> 4260.2756
A63: =IF(H63<>"",1+MAX($A$1:A62),"") -> 39 | D63: 32"x18.5" COLUMN W/REINFORCEMENT NO. OF COLUMNS@15'-0" HT=2 | E63: =2.67*1.54*15/27*2 -> 4.5686667 | F63: 0.1 | G63: =E63*(1+F63) -> 5.0255333 | H63: CY | I63: 800 | J63: =I63*G63 -> 4020.4267
A64: =IF(H64<>"",1+MAX($A$1:A63),"") -> 40 | D64: 28"x28" COLUMN W/REINFORCEMENT NO. OF COLUMNS@15'-0" HT=2 | E64: =2.33*2.33*15/27*2 -> 6.0321111 | F64: 0.1 | G64: =E64*(1+F64) -> 6.6353222 | H64: CY | I64: 800 | J64: =I64*G64 -> 5308.2578
A65: =IF(H65<>"",1+MAX($A$1:A64),"") -> 41 | D65: 56"x28" COLUMN W/REINFORCEMENT NO. OF COLUMNS@15'-0" HT=1 | E65: =4.67*2.33*15/27*1 -> 6.0450556 | F65: 0.1 | G65: =E65*(1+F65) -> 6.6495611 | H65: CY | I65: 800 | J65: =I65*G65 -> 5319.6489
A66: =IF(H66<>"",1+MAX($A$1:A65),"") -> 42 | D66: 106"x30" COLUMN W/REINFORCEMENT NO. OF COLUMNS@15'-0" HT=1 | E66: =8.83*2.5*15/27*1 -> 12.263889 | F66: 0.1 | G66: =E66*(1+F66) -> 13.490278 | H66: CY | I66: 800 | J66: =I66*G66 -> 10792.222
A67: =IF(H67<>"",1+MAX($A$1:A66),"") -> 43 | D67: 27"x51" COLUMN W/REINFORCEMENT NO. OF COLUMNS@15'-0" HT=1 | E67: =2.25*4.25*15/27*1 -> 5.3125 | F67: 0.1 | G67: =E67*(1+F67) -> 5.84375 | H67: CY | I67: 800 | J67: =I67*G67 -> 4675
A68: =IF(H68<>"",1+MAX($A$1:A67),"") -> 44 | D68: 20"x28" COLUMN W/REINFORCEMENT NO. OF COLUMNS@15'-0" HT=14 | E68: =1.67*2.33*15/27*14 -> 30.264111 | F68: 0.1 | G68: =E68*(1+F68) -> 33.290522 | H68: CY | I68: 800 | J68: =I68*G68 -> 26632.418
A69: =IF(H69<>"",1+MAX($A$1:A68),"") -> 45 | D69: 20"x20" COLUMN W/REINFORCEMENT NO. OF COLUMNS@15'-0" HT=71 | E69: =1.67*1.67*15/27*71 -> 110.00661 | F69: 0.1 | G69: =E69*(1+F69) -> 121.00727 | H69: CY | I69: 800 | J69: =I69*G69 -> 96805.818
A70: =IF(H70<>"",1+MAX($A$1:A69),"") -> 46 | D70: 20"x24" COLUMN W/REINFORCEMENT NO. OF COLUMNS@15'-0" HT=4 | E70: =1.67*2*15/27*4 -> 7.4222222 | F70: 0.1 | G70: =E70*(1+F70) -> 8.1644444 | H70: CY | I70: 800 | J70: =I70*G70 -> 6531.5556
A71: =IF(H71<>"",1+MAX($A$1:A70),"") -> 47 | D71: 20"x14" COLUMN W/REINFORCEMENT NO. OF COLUMNS@15'-0" HT=1 | E71: =1.67*1.17*15/27*1 -> 1.0855 | F71: 0.1 | G71: =E71*(1+F71) -> 1.19405 | H71: CY | I71: 800 | J71: =I71*G71 -> 955.24
A72: =IF(H72<>"",1+MAX($A$1:A71),"") -> 48 | D72: 20"x30" COLUMN W/REINFORCEMENT NO. OF COLUMNS@15'-0" HT=11 | E72: =1.67*2.5*15/27*11 -> 25.513889 | F72: 0.1 | G72: =E72*(1+F72) -> 28.065278 | H72: CY | I72: 800 | J72: =I72*G72 -> 22452.222
A73: =IF(H73<>"",1+MAX($A$1:A72),"") -> 49 | D73: 12"x24" COLUMN W/REINFORCEMENT NO. OF COLUMNS@15'-0" HT=1 | E73: =1*2*15/27*1 -> 1.1111111 | F73: 0.1 | G73: =E73*(1+F73) -> 1.2222222 | H73: CY | I73: 800 | J73: =I73*G73 -> 977.77778
A74: =IF(H74<>"",1+MAX($A$1:A73),"") -> 50 | D74: 22" DIA COLUMN W/REINFORCEMENT NO. OF COLUMNS@15'-0" HT=1 | E74: =3.1415*0.91*0.91*15/27*1 -> 1.4452645 | F74: 0.1 | G74: =E74*(1+F74) -> 1.589791 | H74: CY | I74: 800 | J74: =I74*G74 -> 1271.8328
A75: =IF(H75<>"",1+MAX($A$1:A74),"") -> 51 | D75: 24"x16" COLUMN W/REINFORCEMENT NO. OF COLUMNS@15'-0" HT=8 | E75: =2*1.33*15/27*8 -> 11.822222 | F75: 0.1 | G75: =E75*(1+F75) -> 13.004444 | H75: CY | I75: 800 | J75: =I75*G75 -> 10403.556
A76: =IF(H76<>"",1+MAX($A$1:A75),"") -> 52 | D76: 30"x12" COLUMN W/REINFORCEMENT NO. OF COLUMNS@15'-0" HT=1 | E76: =2.5*1*15/27*1 -> 1.3888889 | F76: 0.1 | G76: =E76*(1+F76) -> 1.5277778 | H76: CY | I76: 800 | J76: =I76*G76 -> 1222.2222
A77: =IF(H77<>"",1+MAX($A$1:A76),"") -> 53 | D77: 50"x20" COLUMN W/REINFORCEMENT NO. OF COLUMNS@15'-0" HT=1 | E77: =4.17*1.67*15/27*1 -> 3.8688333 | F77: 0.1 | G77: =E77*(1+F77) -> 4.2557167 | H77: CY | I77: 800 | J77: =I77*G77 -> 3404.5733
A78: =IF(H78<>"",1+MAX($A$1:A77),"") -> 54 | D78: 18" DIA COLUMN W/REINFORCEMENT NO. OF COLUMNS@10'-0" HT=6 | E78: =3.1415*0.75*0.75*10/27*6 -> 3.926875 | F78: 0.1 | G78: =E78*(1+F78) -> 4.3195625 | H78: CY | I78: 800 | J78: =I78*G78 -> 3455.65
A79: =IF(H79<>"",1+MAX($A$1:A78),"") -> 55 | D79: 14"x28" COLUMN W/REINFORCEMENT NO. OF COLUMNS@10'-0" HT=180 | E79: =1.17*2.33*10/27*180 -> 181.74 | F79: 0.1 | G79: =E79*(1+F79) -> 199.914 | H79: CY | I79: 800 | J79: =I79*G79 -> 159931.2
A80: =IF(H80<>"",1+MAX($A$1:A79),"") -> 56 | D80: 20"x28" COLUMN W/REINFORCEMENT NO. OF COLUMNS@10'-0" HT=7 | E80: =1.67*2.33*10/27*7 -> 10.088037 | F80: 0.1 | G80: =E80*(1+F80) -> 11.096841 | H80: CY | I80: 800 | J80: =I80*G80 -> 8877.4726
A81: =IF(H81<>"",1+MAX($A$1:A80),"") -> 57 | D81: 14"x14" COLUMN W/REINFORCEMENT NO. OF COLUMNS@10'-0" HT==6 | E81: =1.17*1.17*10/27*6 -> 3.042 | F81: 0.1 | G81: =E81*(1+F81) -> 3.3462 | H81: CY | I81: 800 | J81: =I81*G81 -> 2676.96
A82: =IF(H82<>"",1+MAX($A$1:A81),"") -> 58 | D82: 12"x24" COLUMN W/REINFORCEMENT NO. OF COLUMNS@10'-0" HT=229 | E82: =1*2*10/27*229 -> 169.62963 | F82: 0.1 | G82: =E82*(1+F82) -> 186.59259 | H82: CY | I82: 800 | J82: =I82*G82 -> 149274.07
A83: =IF(H83<>"",1+MAX($A$1:A82),"") -> 59 | D83: 15"x20" COLUMN W/REINFORCEMENT NO. OF COLUMNS@10'-0" HT=1 | E83: =1.25*1.67*10/27*1 -> 0.77314815 | F83: 0.1 | G83: =E83*(1+F83) -> 0.85046296 | H83: CY | I83: 800 | J83: =I83*G83 -> 680.37037
A84: =IF(H84<>"",1+MAX($A$1:A83),"") -> 60 | D84: 24"x16" COLUMN W/REINFORCEMENT NO. OF COLUMNS@10'-0" HT=20 | E84: =2*1.33*10/27*20 -> 19.703704 | F84: 0.1 | G84: =E84*(1+F84) -> 21.674074 | H84: CY | I84: 800 | J84: =I84*G84 -> 17339.259
A85: =IF(H85<>"",1+MAX($A$1:A84),"") -> 61 | D85: 12"x14" COLUMN W/REINFORCEMENT NO. OF COLUMNS@10'-0" HT=5 | E85: =1*1.17*10/27*5 -> 2.1666667 | F85: 0.1 | G85: =E85*(1+F85) -> 2.3833333 | H85: CY | I85: 800 | J85: =I85*G85 -> 1906.6667
A86: =IF(H86<>"",1+MAX($A$1:A85),"") -> 62 | D86: 12"x12" COLUMN W/REINFORCEMENT NO. OF COLUMNS@10'-0" HT=1 | E86: =1*1*10/27*1 -> 0.37037037 | F86: 0.1 | G86: =E86*(1+F86) -> 0.40740741 | H86: CY | I86: 800 | J86: =I86*G86 -> 325.92593
A87: =IF(H87<>"",1+MAX($A$1:A86),"")
D88: BEAMS
A89: =IF(H89<>"",1+MAX($A$1:A88),"") -> 63 | B89: FO-100, S010-S070, S980 | D89: 8"x24" BEAM W/2#11 CONT. BOTTOM, 2#8 CONT TOP & #4 STIRRUPS | E89: =0.67*2*19/27 -> 0.94296296 | F89: 0.1 | G89: =E89*(1+F89) -> 1.0372593 | H89: CY | I89: 800 | J89: =I89*G89 -> 829.80741
A90: =IF(H90<>"",1+MAX($A$1:A89),"") -> 64 | D90: 20"x24" BEAM W/2#11 CONT. BOTTOM, 2#8 CONT TOP & #4 STIRRUPS | E90: =1.67*2*23/27 -> 2.8451852 | F90: 0.1 | G90: =E90*(1+F90) -> 3.1297037 | H90: CY | I90: 800 | J90: =I90*G90 -> 2503.763
A91: =IF(H91<>"",1+MAX($A$1:A90),"") -> 65 | D91: 12"x24" BEAM W/3#11 CONT. BOTTOM, 2#8 CONT TOP & #4 STIRRUPS | E91: =1*2*26/27 -> 1.9259259 | F91: 0.1 | G91: =E91*(1+F91) -> 2.1185185 | H91: CY | I91: 800 | J91: =I91*G91 -> 1694.8148
A92: =IF(H92<>"",1+MAX($A$1:A91),"") -> 66 | D92: 12"x30" BEAM W/3#8 CONT. BOTTOM, 3#11 CONT TOP & #4 STIRRUPS | E92: =1*2.5*324/27 -> 30 | F92: 0.1 | G92: =E92*(1+F92) -> 33 | H92: CY | I92: 800 | J92: =I92*G92 -> 26400
A93: =IF(H93<>"",1+MAX($A$1:A92),"") -> 67 | D93: 12"x24" BEAM W/2#10 CONT. BOTTOM, 2#8 CONT TOP & #4 STIRRUPS | E93: =1*2*11/27 -> 0.81481481 | F93: 0.1 | G93: =E93*(1+F93) -> 0.8962963 | H93: CY | I93: 800 | J93: =I93*G93 -> 717.03704
A94: =IF(H94<>"",1+MAX($A$1:A93),"") -> 68 | D94: 12"x36" BEAM W/6#11 CONT. BOTTOM, 2#11 CONT TOP & #4 STIRRUPS | E94: =1*3*61/27 -> 6.7777778 | F94: 0.1 | G94: =E94*(1+F94) -> 7.4555556 | H94: CY | I94: 800 | J94: =I94*G94 -> 5964.4444
A95: =IF(H95<>"",1+MAX($A$1:A94),"") -> 69 | D95: 8"x42" BEAM W/REINFORCEMENT | E95: =0.67*3.5*36/27 -> 3.1266667 | F95: 0.1 | G95: =E95*(1+F95) -> 3.4393333 | H95: CY | I95: 800 | J95: =I95*G95 -> 2751.4667
A96: =IF(H96<>"",1+MAX($A$1:A95),"") -> 70 | D96: TYPICAL SPANDREL BEAM 20"x15" REINFORCED W/8 #11 (2 LAYERS) T&B & #4@12" O.C. STIRRUPS | E96: =429*1.67*1.25/27 -> 33.168056 | F96: 0.1 | G96: =E96*(1+F96) -> 36.484861 | H96: CY | I96: 800 | J96: =I96*G96 -> 29187.889
A97: =IF(H97<>"",1+MAX($A$1:A96),"") -> 71 | D97: TYPICAL SPANDREL BEAM 30"x24" W/REINFORCEMENT | E97: =258*2.5*2/27 -> 47.777778 | F97: 0.1 | G97: =E97*(1+F97) -> 52.555556 | H97: CY | I97: 800 | J97: =I97*G97 -> 42044.444
A98: =IF(H98<>"",1+MAX($A$1:A97),"") -> 72 | D98: SPANDREL BEAM 48"x24" REINFORCE W/16 #11 (TWO LAYERS) T&B & #5 @4" O.C. STIRRUPS | E98: =40*4*2/27 -> 11.851852 | F98: 0.1 | G98: =E98*(1+F98) -> 13.037037 | H98: CY | I98: 800 | J98: =I98*G98 -> 10429.63
A99: =IF(H99<>"",1+MAX($A$1:A98),"") -> 73 | D99: 14"x 15" BEAM REINFORCED W/3 #8 T&B CONTINUOUS BARS AND #4 @6" O.C. STIRRUPS | E99: =1762*1.17*1.25/27 -> 95.441667 | F99: 0.1 | G99: =E99*(1+F99) -> 104.98583 | H99: CY | I99: 800 | J99: =I99*G99 -> 83988.667
A100: =IF(H100<>"",1+MAX($A$1:A99),"") -> 74 | D100: 16"x6" BEAM REINFORCED WITH 6"x4" CONC. CURB W/3 #8 T&B CONTINUOUS BARS AND #4 @6" O.C. STIRRUPS 7TH FLOOR | E100: =235*1.33*0.5/27 -> 5.787963 | F100: 0.1 | G100: =E100*(1+F100) -> 6.3667593 | H100: CY | I100: 800 | J100: =I100*G100 -> 5093.4074
A101: =IF(H101<>"",1+MAX($A$1:A100),"") -> 75 | D101: 16"x10" EXTERIOR BEAM REINFORCED W/ #4 @12" O.C. | E101: =400*1.33*0.83/27 -> 16.354074 | F101: 0.1 | G101: =E101*(1+F101) -> 17.989481 | H101: CY | I101: 800 | J101: =I101*G101 -> 14391.585
A102: =IF(H102<>"",1+MAX($A$1:A101),"") -> 76 | D102: 24"Wx20"D CONCRETE BEAM REINFORCED W/6#11 CONTINUOUS & #4@6" O.C STIRRUPS | E102: =79*2*1.67/27 -> 9.7725926 | F102: 0.1 | G102: =E102*(1+F102) -> 10.749852 | H102: CY | I102: 800 | J102: =I102*G102 -> 8599.8815
A103: =IF(H103<>"",1+MAX($A$1:A102),"") -> 77 | D103: LB1: BEAM NOTE: SPECS NOT DEFINED | E103: =5.44*4+12+5+13 -> 51.76 | F103: 0.1 | G103: =E103*(1+F103) -> 56.936 | H103: LF | I103: 15 | J103: =I103*G103 -> 854.04
...

Sheet Rough
B1: LF | C1: HT | D1: SF | E1: NET SF | F1: NET LF | G1: GYP- THK. TYPE | H1: GYP SIDES | I1: TOTAL GYP | J1: INSULATION
A2: TYPE-1 | B2: 467 | C2: 9.333 | D2: =B2*C2 -> 4358.511 | E2: =D2-0 -> 4358.511 | F2: =E2/C2 -> 467 | G2: 5/8" PAPERLESS | H2: 1 | I2: =E2*H2 -> 4358.511 | J2: 0
A3: TYPE-2 | B3: 571.1 | C3: 9.333 | D3: =B3*C3 -> 5330.0763 | E3: =D3-(23*3*7)-(7*3.75*3.75) -> 4748.6388 | F3: =E3/C3 -> 508.8009 | G3: 5/8" PAPERLESS | H3: 2 | I3: =E3*H3 -> 9497.2776 | J3: =E3 -> 4748.6388
A4: TYPE-2A | B4: 36.9 | C4: 3.5 | D4: =B4*C4 -> 129.15 | E4: =D4-0 -> 129.15 | F4: =E4/C4 -> 36.9 | G4: 5/8" PAPERLESS | H4: 2 | I4: =E4*H4 -> 258.3 | J4: 0
A5: TYPE-5 | B5: 106 | C5: 9.333 | D5: =B5*C5 -> 989.298 | E5: =D5-(3*7*2) -> 947.298 | F5: =E5/C5 -> 101.49984 | G5: 5/8" X TYPE | H5: 4 | I5: =E5*H5 -> 3789.192 | J5: =E5 -> 947.298
I6: =SUM(I2:I4) -> 14114.089 | J6: =SUM(J2:J5) -> 5695.9368

Sheet Sheet2
B1: DP01 DEMO (E) STAIR AND LANDING, PATCH AND REPAIRE ADJACENT WALL. | C1: DEMOLITION
B2: DP02 DEMO (E) WALL, PATCH AND REPAIR ADJACENT AREA.
B3: DP03 DEMO (E) WALL FOR NEW DOOR/ GATE OPENING.
B4: DP04 DEMO (E) WALL ABOVE (N) ADA PARKING STALL AREA TO RECEIVE (N) SLAB, PATCH AND REPAIR ADJACENT AREA.
B5: DP05 DEMO (E) CHAINLINK FENCE.
B6: DP06 DEMO (E) FLOOR SLAB FOR NEW PLUMBING TRENCH AND PIPES, PATCH AND REPAIR ADJACENT AREA.
B7: DP07 DEMO (E) DOOR, INFILL OPENING, PATCH AND REPAIRE ADJACENT WALL.
B8: DP08 DEMO (E) FLOOR SLAB.
B9: DP09 DEMO (E) ABOVE AND BELOW GRADE STRUCTURE AND FOUNDATION ON SITE, SEE GENERAL NOTES FOR DETAILS.
B10: DP11 REMOVER (E) PARKING STRIP FOR RE-STRIPING.
B11: DP22 DEMO (E) PLASTER FENCE WALL AND GATE AT (E) TRANSFORMER.
B12: DP23 DEMO (E) TRANSFORER PAD AND FLOOR SLAB; SEE ELEC. AND ST.DWGS.
B13: DP24 DEMO (E) WOOD FENCE, TYP.
... B16: SP02 REMOVE EXISTING CURB CUT, PATCH AND REPAIR TO MATCH ADJACENT.
B18: EL01 CUSTOM DECORATIVE STEEL SCREEN PANELS W/ VARYING DENSITY PATTERN, PAINTED FINISH - COLOR TBD, SEE SHEET A9.4 FOR MORE INFO. | C18: EXTERIOR FINISHES
B19: EL02 WHITE CORRUGATED METAL RAIN SCREEN, KYNAR FINISH, PERFORATION/PATTERN TBD, SEE SHEET A9.5 FOR MORE INFO.
B20: EL03 VERTICAL STANDING SEAM METAL PANEL SYSTEM RHEINZINK OR PAINTED FACTORY FINISH - COLOR TBD
B21: EL04 WINDOW WITH DECORATIVE METAL PANEL W/ FACTORY FINISH, CONTRASTING COLOR TBD
B22: EL06 WINDOW SYSTEM W/ FACTORY APPLIED KYNAR FINISH, COLOR T.B.D. SEE SHEET A9.3 FOR MORE INFO.
B23: EL07 MECH. LOUVER INTERGRATED WITH (CURTAIN WALL) WINDOW SYSTEM W/ FACTORY APPLIED KYNAR FINISHE, COLOR TO MATCH WINODW FRAME.
B24: EL08 CANOPY WITIH METAL CLADDING PANEL WITH FACTORY APPLIED FINISH, COLOR: T.B.D. WITH INTERGRATED LIGHTING FIXTURES.
B25: EL09 CONCRETE PARAPET WALL WITH INTERGRATED LIGHTING FIXTURES WHERE OCCURS, SEE ELEC. DRAWING FOR MORE INFO.
B26: EL10 GREEN ROOF/ PLANTER, DRAINAGE AND IRRIGATION SYSTEM RAISED OVER WATERPROOFED CAST IN PLACE CONCRETE SLAB
B27: EL15 PAINTED HOLLOW METAL DOOR, COLOR: T.B.D. SEE SHEET A9.1 FOR MORE INFO.
B28: EL16 GREEN WALL/PUBLIC ART PROJECT
B29: EL17 CUSTOM DECORATIVE STEEL SCREEN PANELS, PAINTED FINISH - COLOR TBD
B30: EL18 ELEVATOR DOORS STAINLESS STEEL ELEVATOR DOORS AND FRAMES
... B37: EL35 BACK LIT METAL BUILDING SIGNAGE.
B39: EP02 DECORATIVE ALUMINUM SCREEN WALL WITH FACTORY APPLIED FINISH. COLOR: T.B.D. SEE A9.4 FOR PAN EL SCHEDULE | C39: MISC
B40: EP06 COMBINATION PIPE GUARDRAIL WITH 36" HIGH HANDRAIL. END OF HANDRAIL EXTENSIONRETURN TO GUARD
B41: EP07 GLASS GUARDRAIL
B42: EP09 36" HIGH PIPE HANDRAIL, WALLMOUNTED
